{"entities":{"pages":{"starter":{"id":"starter","title":"Node.js Curriculum","url":"starter.html","level":0,"tabIndex":0},"1-Introduction":{"id":"1-Introduction","title":"1. Introduction","url":"1-introduction.html","level":0,"tabIndex":1},"2-Getting-Started":{"id":"2-Getting-Started","title":"2. Getting Started","url":"2-getting-started.html","level":0,"tabIndex":2},"3-Node-Package-managers":{"id":"3-Node-Package-managers","title":"3. Node Package managers","url":"3-node-package-managers.html","level":0,"pages":["3-1-PnPm-Cheatsheet"],"tabIndex":3},"3-1-PnPm-Cheatsheet":{"id":"3-1-PnPm-Cheatsheet","title":"3.1 PnPm Cheatsheet","url":"3-1-pnpm-cheatsheet.html","level":1,"parentId":"3-Node-Package-managers","tabIndex":0},"Typescript-Configuration":{"id":"Typescript-Configuration","title":"4. Typescript Configuration","url":"typescript-configuration.html","level":0,"tabIndex":4},"4-Modules":{"id":"4-Modules","title":"5. Modules","url":"4-modules.html","level":0,"tabIndex":5},"6-Node-js-Globals":{"id":"6-Node-js-Globals","title":"6. Node.js Globals","url":"6-node-js-globals.html","level":0,"tabIndex":6},"7-HTTP-Module":{"id":"7-HTTP-Module","title":"7. HTTP Module","url":"7-http-module.html","level":0,"pages":["Install-OpenSSL-on-Windows"],"tabIndex":7},"Install-OpenSSL-on-Windows":{"id":"Install-OpenSSL-on-Windows","title":"7.1 Install OpenSSL on Windows","url":"install-openssl-on-windows.html","level":1,"parentId":"7-HTTP-Module","tabIndex":0},"8-File-System-Module":{"id":"8-File-System-Module","title":"8. File System Module","url":"8-file-system-module.html","level":0,"tabIndex":8},"9-Node-js-Events":{"id":"9-Node-js-Events","title":"9. Node.js Events","url":"9-node-js-events.html","level":0,"tabIndex":9},"10-Node-js-Errors":{"id":"10-Node-js-Errors","title":"10. Node.js Errors","url":"10-node-js-errors.html","level":0,"tabIndex":10},"11-Node-intergration-with-Databases":{"id":"11-Node-intergration-with-Databases","title":"11. Node intergration with Databases","url":"11-node-intergration-with-databases.html","level":0,"pages":["Node-js-Database-Integration-Approaches"],"tabIndex":11},"Node-js-Database-Integration-Approaches":{"id":"Node-js-Database-Integration-Approaches","title":"11.1 Node.js Database Integration Approaches","url":"node-js-database-integration-approaches.html","level":1,"parentId":"11-Node-intergration-with-Databases","pages":["11-1-1-Using-Query-Builders-and-Raw-Queries","11-2-Using-ORM-Object-Relational-Mapping"],"tabIndex":0},"11-1-1-Using-Query-Builders-and-Raw-Queries":{"id":"11-1-1-Using-Query-Builders-and-Raw-Queries","title":"11.1.1 Using Query Builders and Raw Queries","url":"11-1-1-using-query-builders-and-raw-queries.html","level":2,"parentId":"Node-js-Database-Integration-Approaches","tabIndex":0},"11-2-Using-ORM-Object-Relational-Mapping":{"id":"11-2-Using-ORM-Object-Relational-Mapping","title":"11.2 Using ORM (Object-Relational Mapping)","url":"11-2-using-orm-object-relational-mapping.html","level":2,"parentId":"Node-js-Database-Integration-Approaches","tabIndex":1},"12-Multithreading-with-worker-threads":{"id":"12-Multithreading-with-worker-threads","title":"12. Worker Threads in Node.JS (Multithreading)","url":"12-multithreading-with-worker-threads.html","level":0,"pages":["Implementing-worker-threads"],"tabIndex":12},"Implementing-worker-threads":{"id":"Implementing-worker-threads","title":"Implementing worker threads","url":"implementing-worker-threads.html","level":1,"parentId":"12-Multithreading-with-worker-threads","tabIndex":0}}},"topLevelIds":["starter","1-Introduction","2-Getting-Started","3-Node-Package-managers","Typescript-Configuration","4-Modules","6-Node-js-Globals","7-HTTP-Module","8-File-System-Module","9-Node-js-Events","10-Node-js-Errors","11-Node-intergration-with-Databases","12-Multithreading-with-worker-threads"]}